state,des_district,geo_names,geo_ids,method,score,note
Andaman and Nicobar Islands,NICOBARS,Nicobars,76128533B33103505211400,exact,1.00,
Andaman and Nicobar Islands,NORTH AND MIDDLE ANDAMAN,North & Middle Andaman,76128533B28397307540277,exact,1.00,
Andaman and Nicobar Islands,SOUTH ANDAMANS,South Andaman,76128533B22587307937261,fuzzy,0.96,
Andhra Pradesh,ANANTAPUR,Anantapur,76128533B52664671961643,exact,1.00,
Andhra Pradesh,CHITTOOR,Chittoor,76128533B22471914548132,exact,1.00,
Andhra Pradesh,EAST GODAVARI,East Godavari,76128533B29138015770556,exact,1.00,
Andhra Pradesh,GUNTUR,Guntur,76128533B72541188260561,exact,1.00,
Andhra Pradesh,KADAPA,Kadapa(YSR),76128533B72109128179340,alias,1.00,
Andhra Pradesh,KRISHNA,Krishna,76128533B4481773749911,exact,1.00,
Andhra Pradesh,KURNOOL,Kurnool,76128533B28294794137747,exact,1.00,
Andhra Pradesh,PRAKASAM,Prakasam,76128533B95075104846315,exact,1.00,
Andhra Pradesh,SPSR NELLORE,Sri Potti Sriramulu Nellore,76128533B55622097933343,manual,,SPSR = Sri Potti Sriramulu
Andhra Pradesh,SRIKAKULAM,Srikakulam,76128533B59405966069108,exact,1.00,
Andhra Pradesh,VISAKHAPATANAM,Visakhapatnam,76128533B71485440235524,fuzzy,0.96,
Andhra Pradesh,VIZIANAGARAM,Vizianagaram,76128533B36164606132718,exact,1.00,
Andhra Pradesh,WEST GODAVARI,West Godavari,76128533B19792346411952,exact,1.00,
Arunachal Pradesh,ANJAW,Anjaw,76128533B55878637000592,exact,1.00,
Arunachal Pradesh,CHANGLANG,Changlang,76128533B9558749744242,exact,1.00,
Arunachal Pradesh,DIBANG VALLEY,Dibang Valley,76128533B11651252780045,exact,1.00,
Arunachal Pradesh,EAST KAMENG,East Kameng,76128533B76129461078086,exact,1.00,
Arunachal Pradesh,EAST SIANG,East Siang,76128533B53717296822608,exact,1.00,
Arunachal Pradesh,KAMLE,Kamle,76128533B19898496046456,exact,1.00,
Arunachal Pradesh,KRA DAADI,Kra Daadi,76128533B12129983841645,exact,1.00,
Arunachal Pradesh,KURUNG KUMEY,Kurung Kumey,76128533B31405919461443,exact,1.00,
Arunachal Pradesh,LEPARADA,Leparada,76128533B25448742967716,exact,1.00,
Arunachal Pradesh,LOHIT,Lohit,76128533B6828791241172,exact,1.00,
Arunachal Pradesh,LONGDING,Longding,76128533B22715430000002,exact,1.00,
Arunachal Pradesh,LOWER DIBANG VALLEY,Lower Dibang Valley,76128533B38784530776316,exact,1.00,
Arunachal Pradesh,LOWER SIANG,Lower Siang,76128533B49993259380917,exact,1.00,
Arunachal Pradesh,LOWER SUBANSIRI,Lower Subansiri,76128533B90913053845537,exact,1.00,
Arunachal Pradesh,NAMSAI,Namsai,76128533B1875965515331,exact,1.00,
Arunachal Pradesh,PAKKE KESSANG,Pakke Kessang,76128533B24017517661394,exact,1.00,
Arunachal Pradesh,PAPUM PARE,Papum Pare,76128533B17472905712757,exact,1.00,
Arunachal Pradesh,SHI YOMI,Shi Yomi,76128533B46084756537322,exact,1.00,
Arunachal Pradesh,SIANG,Siang,76128533B95910687666425,exact,1.00,
Arunachal Pradesh,TAWANG,Tawang,76128533B18668117085772,exact,1.00,
Arunachal Pradesh,TIRAP,Tirap,76128533B99469070633974,exact,1.00,
Arunachal Pradesh,UPPER SIANG,Upper Siang,76128533B76058958071350,exact,1.00,
Arunachal Pradesh,UPPER SUBANSIRI,Upper Subansiri,76128533B84689409020934,exact,1.00,
Arunachal Pradesh,WEST KAMENG,West Kameng,76128533B61235952222315,exact,1.00,
Arunachal Pradesh,WEST SIANG,West Siang,76128533B95764075909869,exact,1.00,
Assam,BAKSA,Baksa,76128533B8221925175605,exact,1.00,
Assam,BARPETA,Barpeta,76128533B47772746709007,exact,1.00,
Assam,BISWANATH,Biswanath,76128533B40714385808093,exact,1.00,
Assam,BONGAIGAON,Bongaigaon,76128533B46490409917345,exact,1.00,
Assam,CACHAR,Cachar,76128533B26964150246712,exact,1.00,
Assam,CHARAIDEO,Charaideo,76128533B89228414823983,exact,1.00,
Assam,CHIRANG,Chirang,76128533B56012535339305,exact,1.00,
Assam,DARRANG,Darrang,76128533B96719327593873,exact,1.00,
Assam,DHEMAJI,Dhemaji,76128533B50650763703739,exact,1.00,
Assam,DHUBRI,Dhubri,76128533B25835998628545,exact,1.00,
Assam,DIBRUGARH,Dibrugarh,76128533B57825981663822,exact,1.00,
Assam,DIMA HASAO,Dima Hasao,76128533B66125202864966,exact,1.00,
Assam,GOALPARA,Goalpara,76128533B91472319248603,exact,1.00,
Assam,GOLAGHAT,Golaghat,76128533B55519385298440,exact,1.00,
Assam,HAILAKANDI,Hailakandi,76128533B16749627383755,exact,1.00,
Assam,HOJAI,Hojai,76128533B70315194619807,exact,1.00,
Assam,JORHAT,Jorhat,76128533B334793883930,exact,1.00,
Assam,KAMRUP,Kamrup,76128533B66682530790248,exact,1.00,
Assam,KAMRUP METRO,Kamrup Metropolitan,76128533B38230828972906,fuzzy,0.77,
Assam,KARBI ANGLONG,Karbi Anglong East,76128533B38548995376745,subset,,
Assam,KARIMGANJ,Karimganj,76128533B23092176497025,exact,1.00,
Assam,KOKRAJHAR,Kokrajhar,76128533B91480770176940,exact,1.00,
Assam,LAKHIMPUR,Lakhimpur,76128533B85627242103654,exact,1.00,
Assam,MAJULI,Majuli,76128533B15157901669242,exact,1.00,
Assam,MARIGAON,Morigaon,76128533B17968019348564,fuzzy,0.88,
Assam,NAGAON,Nagaon,76128533B13437137070957,exact,1.00,
Assam,NALBARI,Nalbari,76128533B40995085026980,exact,1.00,
Assam,SIVASAGAR,Sivasagar,76128533B21722277889516,exact,1.00,
Assam,SONITPUR,Sonitpur,76128533B41005496708834,exact,1.00,
Assam,SOUTH SALMARA MANCACHAR,South Salmara-Mankachar,76128533B20298037622173,fuzzy,0.96,
Assam,TINSUKIA,Tinsukia,76128533B8920527783032,exact,1.00,
Assam,UDALGURI,Udalguri,76128533B20307518801538,exact,1.00,
Assam,WEST KARBI ANGLONG,Karbi Anglong West,76128533B57995625790051,alias,1.00,
Bihar,ARARIA,Araria,76128533B4745348385341,exact,1.00,
Bihar,ARWAL,Arwal,76128533B45623818137574,exact,1.00,
Bihar,AURANGABAD,Aurangabad,76128533B21485639457044,exact,1.00,
Bihar,BANKA,Banka,76128533B54517225652088,exact,1.00,
Bihar,BEGUSARAI,Begusarai,76128533B5855800361016,exact,1.00,
Bihar,BHAGALPUR,Bhagalpur,76128533B83462627230182,exact,1.00,
Bihar,BHOJPUR,Bhojpur,76128533B66426066081507,exact,1.00,
Bihar,BUXAR,Buxar,76128533B12244320360965,exact,1.00,
Bihar,DARBHANGA,Darbhanga,76128533B12694285477701,exact,1.00,
Bihar,GAYA,Gaya,76128533B91871300208785,exact,1.00,
Bihar,GOPALGANJ,Gopalganj,76128533B93214480696409,exact,1.00,
Bihar,JAMUI,Jamui,76128533B16781044866906,exact,1.00,
Bihar,JEHANABAD,Jehanabad,76128533B24101991435637,exact,1.00,
Bihar,KAIMUR (BHABUA),Kaimur (Bhabua),76128533B78904410352326,exact,1.00,
Bihar,KATIHAR,Katihar,76128533B27432148084533,exact,1.00,
Bihar,KHAGARIA,Khagaria,76128533B78970756356546,exact,1.00,
Bihar,KISHANGANJ,Kishanganj,76128533B65773363805797,exact,1.00,
Bihar,LAKHISARAI,Lakhisarai,76128533B98985252129882,exact,1.00,
Bihar,MADHEPURA,Madhepura,76128533B29293163114565,exact,1.00,
Bihar,MADHUBANI,Madhubani,76128533B90384580518633,exact,1.00,
Bihar,MUNGER,Munger,76128533B40868676647207,exact,1.00,
Bihar,MUZAFFARPUR,Muzaffarpur,76128533B88481188307630,exact,1.00,
Bihar,NALANDA,Nalanda,76128533B51363853289247,exact,1.00,
Bihar,NAWADA,Nawada,76128533B36625800127334,exact,1.00,
Bihar,PASHCHIM CHAMPARAN,Pashchim Champaran,76128533B17762399278073,exact,1.00,
Bihar,PATNA,Patna,76128533B60721316645780,exact,1.00,
Bihar,PURBI CHAMPARAN,Purba Champaran,76128533B49017555803526,alias,1.00,
Bihar,PURNIA,Purnia,76128533B32499449492865,exact,1.00,
Bihar,ROHTAS,Rohtas,76128533B33458049385696,exact,1.00,
Bihar,SAHARSA,Saharsa,76128533B24755983727265,exact,1.00,
Bihar,SAMASTIPUR,Samastipur,76128533B66790149147330,exact,1.00,
Bihar,SARAN,Saran,76128533B19903856317609,exact,1.00,
Bihar,SHEIKHPURA,Sheikhpura,76128533B29672216830072,exact,1.00,
Bihar,SHEOHAR,Sheohar,76128533B74961596993088,exact,1.00,
Bihar,SITAMARHI,Sitamarhi,76128533B21922686388534,exact,1.00,
Bihar,SIWAN,Siwan,76128533B14033116794334,exact,1.00,
Bihar,SUPAUL,Supaul,76128533B62794162648247,exact,1.00,
Bihar,VAISHALI,Vaishali,76128533B91445917652173,exact,1.00,
Chandigarh,CHANDIGARH,Chandigarh,76128533B56050914259601,exact,1.00,
Chhattisgarh,BALOD,Balod,76128533B90169585758701,exact,1.00,
Chhattisgarh,BALODA BAZAR,Baloda Bazar,76128533B54306414631532,exact,1.00,
Chhattisgarh,BALRAMPUR,Balrampur,76128533B14598081584747,exact,1.00,
Chhattisgarh,BASTAR,Bastar,76128533B47840093719460,exact,1.00,
Chhattisgarh,BEMETARA,Bemetra,76128533B73736605657091,fuzzy,0.93,
Chhattisgarh,BIJAPUR,Bijapur,76128533B66145460152555,exact,1.00,
Chhattisgarh,BILASPUR,Bilaspur,76128533B81964529079574,exact,1.00,
Chhattisgarh,DANTEWADA,Dakshin Bastar Dantewada,76128533B14292125820380,subset,,
Chhattisgarh,DHAMTARI,Dhamtari,76128533B71714250401862,exact,1.00,
Chhattisgarh,DURG,Durg,76128533B15993411864574,exact,1.00,
Chhattisgarh,GARIYABAND,Gariaband,76128533B93063337202124,alias,1.00,
Chhattisgarh,GAURELLA-PENDRA-MARWAHI,Gaurella Pendra Marwahi,76128533B38203190611533,exact,1.00,
Chhattisgarh,JANJGIR-CHAMPA,Janjgir-Champa,76128533B6310527412636,exact,1.00,
Chhattisgarh,JASHPUR,Jashpur,76128533B53609934827566,exact,1.00,
Chhattisgarh,KABIRDHAM,Kabeerdham,76128533B48077510234542,alias,1.00,
Chhattisgarh,KANKER,Uttar Bastar Kanker,76128533B26755490628656,subset,,
Chhattisgarh,KONDAGAON,Kondagaon,76128533B12144400448811,exact,1.00,
Chhattisgarh,KORBA,Korba,76128533B89438858641946,exact,1.00,
Chhattisgarh,KOREA,Koriya,76128533B1621599562140,alias,1.00,
Chhattisgarh,MAHASAMUND,Mahasamund,76128533B9759621355294,exact,1.00,
Chhattisgarh,MUNGELI,Mungeli,76128533B17292264941997,exact,1.00,
Chhattisgarh,NARAYANPUR,Narayanpur,76128533B89979485471283,exact,1.00,
Chhattisgarh,RAIGARH,Raigarh,76128533B67018657649043,exact,1.00,
Chhattisgarh,RAIPUR,Raipur,76128533B57691508962219,exact,1.00,
Chhattisgarh,RAJNANDGAON,Rajnandgaon,76128533B25020556592153,exact,1.00,
Chhattisgarh,SUKMA,Sukma,76128533B53316015271969,exact,1.00,
Chhattisgarh,SURAJPUR,Surajpur,76128533B46979893461805,exact,1.00,
Chhattisgarh,SURGUJA,Surguja,76128533B52487813780503,exact,1.00,
Dadra and Nagar Haveli and Daman and Diu,DADRA AND NAGAR HAVELI,Dadra & Nagar Haveli,76128533B43252171579976,exact,1.00,
Dadra and Nagar Haveli and Daman and Diu,DAMAN,Daman,76128533B15180319517641,exact,1.00,
Dadra and Nagar Haveli and Daman and Diu,DIU,Diu,76128533B56857410767766,exact,1.00,
Delhi,DELHI_TOTAL,Central|East|New Delhi|North|North East|North West|Shahdara|South|South East|South West|West,76128533B19832024635761|76128533B72485933575946|76128533B58262202014972|76128533B45574198291616|76128533B9976625304286|76128533B71353370080255|76128533B81419063387740|76128533B97089774514948|76128533B1420136949169|76128533B53136419849111|76128533B68379889579232,manual,,DES reports Delhi as one unit; drawn over all 11 districts
Goa,NORTH GOA,North Goa,76128533B1711704044407,exact,1.00,
Goa,SOUTH GOA,South Goa,76128533B63117839967753,exact,1.00,
Gujarat,AHMADABAD,Ahmadabad,76128533B93113981386565,exact,1.00,
Gujarat,AMRELI,Amreli,76128533B43737470294384,exact,1.00,
Gujarat,ANAND,Anand,76128533B69438085511257,exact,1.00,
Gujarat,ARAVALLI,Aravali,76128533B62153454383166,alias,1.00,
Gujarat,BANAS KANTHA,Banas Kantha,76128533B52902360321344,exact,1.00,
Gujarat,BHARUCH,Bharuch,76128533B63599385776584,exact,1.00,
Gujarat,BHAVNAGAR,Bhavnagar,76128533B93450974047240,exact,1.00,
Gujarat,BOTAD,Batod,76128533B48885555323596,manual,,boundary file misspells Botad
Gujarat,CHHOTAUDEPUR,Chhota Udaipur,76128533B69417260894674,fuzzy,0.85,
Gujarat,DANG,The Dangs,76128533B16271917438029,fuzzy,0.89,
Gujarat,DEVBHUMI DWARKA,Devbhumi Dwarka,76128533B74381554567803,exact,1.00,
Gujarat,DOHAD,Dohad,76128533B70576899889534,exact,1.00,
Gujarat,GANDHINAGAR,Gandhinagar,76128533B7606365706860,exact,1.00,
Gujarat,GIR SOMNATH,Gir Somnath,76128533B45037556977273,exact,1.00,
Gujarat,JAMNAGAR,Jamnagar,76128533B35205406647638,exact,1.00,
Gujarat,JUNAGADH,Junagadh,76128533B40923846274136,exact,1.00,
Gujarat,KACHCHH,Kachchh,76128533B91881382098572,exact,1.00,
Gujarat,KHEDA,Kheda,76128533B39046535416628,exact,1.00,
Gujarat,MAHESANA,Mahesana,76128533B81661995166840,exact,1.00,
Gujarat,MAHISAGAR,Mahisagar,76128533B49615943426842,exact,1.00,
Gujarat,MORBI,Morbi,76128533B2080752988715,exact,1.00,
Gujarat,NARMADA,Narmada,76128533B46866455993508,exact,1.00,
Gujarat,NAVSARI,Navsari,76128533B6397758882978,exact,1.00,
Gujarat,PANCH MAHALS,Panch Mahals,76128533B16476001647323,exact,1.00,
Gujarat,PATAN,Patan,76128533B42839853072341,exact,1.00,
Gujarat,PORBANDAR,Porbandar,76128533B84417945851362,exact,1.00,
Gujarat,RAJKOT,Rajkot,76128533B74992405432705,exact,1.00,
Gujarat,SABAR KANTHA,Sabar Kantha,76128533B35129325000613,exact,1.00,
Gujarat,SURAT,Surat,76128533B97372652494648,exact,1.00,
Gujarat,SURENDRANAGAR,Surendranagar,76128533B7851306475665,exact,1.00,
Gujarat,TAPI,Tapi,76128533B12519626815499,exact,1.00,
Gujarat,VADODARA,Vadodara,76128533B33151011563565,exact,1.00,
Gujarat,VALSAD,Valsad,76128533B60261306484775,exact,1.00,
Haryana,AMBALA,Ambala,76128533B95049353851516,exact,1.00,
Haryana,BHIWANI,Bhiwani,76128533B42646400584570,manual,,polygon shared with CHARKI DADRI (split 2016)
Haryana,CHARKI DADRI,Bhiwani,76128533B42646400584570,manual,,"split from Bhiwani in 2016; no own polygon, shown together with BHIWANI"
Haryana,FARIDABAD,Faridabad,76128533B40638696154891,exact,1.00,
Haryana,FATEHABAD,Fatehabad,76128533B10727492375508,exact,1.00,
Haryana,GURGAON,Gurgaon,76128533B67580812983244,exact,1.00,
Haryana,HISAR,Hisar,76128533B22732185131019,exact,1.00,
Haryana,JHAJJAR,Jhajjar,76128533B70554191137208,exact,1.00,
Haryana,JIND,Jind,76128533B45106682783501,exact,1.00,
Haryana,KAITHAL,Kaithal,76128533B64596101949699,exact,1.00,
Haryana,KARNAL,Karnal,76128533B6330405394721,exact,1.00,
Haryana,KURUKSHETRA,Kurukshetra,76128533B94710820075529,exact,1.00,
Haryana,MAHENDRAGARH,Mahendragarh,76128533B64161607349718,exact,1.00,
Haryana,MEWAT,Mewat,76128533B80016894369263,exact,1.00,
Haryana,PALWAL,Palwal,76128533B71088079535368,exact,1.00,
Haryana,PANCHKULA,Panchkula,76128533B58876508630362,exact,1.00,
Haryana,PANIPAT,Panipat,76128533B86048662040782,exact,1.00,
Haryana,REWARI,Rewari,76128533B22722327711505,exact,1.00,
Haryana,ROHTAK,Rohtak,76128533B12244045944458,exact,1.00,
Haryana,SIRSA,Sirsa,76128533B84837672903805,exact,1.00,
Haryana,SONIPAT,Sonipat,76128533B69536039643660,exact,1.00,
Haryana,YAMUNANAGAR,Yamunanagar,76128533B23956636471502,exact,1.00,
Himachal Pradesh,BILASPUR,Bilaspur,76128533B85695392289827,exact,1.00,
Himachal Pradesh,CHAMBA,Chamba,76128533B58537895532859,exact,1.00,
Himachal Pradesh,HAMIRPUR,Hamirpur,76128533B35956162202704,exact,1.00,
Himachal Pradesh,KANGRA,Kangra,76128533B13697452453823,exact,1.00,
Himachal Pradesh,KINNAUR,Kinnaur,76128533B50011981829203,exact,1.00,
Himachal Pradesh,KULLU,Kullu,76128533B97425778881707,exact,1.00,
Himachal Pradesh,LAHUL AND SPITI,Lahul & Spiti,76128533B75359793481950,exact,1.00,
Himachal Pradesh,MANDI,Mandi,76128533B23735146933631,exact,1.00,
Himachal Pradesh,SHIMLA,Shimla,76128533B77537928419507,exact,1.00,
Himachal Pradesh,SIRMAUR,Sirmaur,76128533B11802210119774,exact,1.00,
Himachal Pradesh,SOLAN,Solan,76128533B58569599021232,exact,1.00,
Himachal Pradesh,UNA,Una,76128533B75262864015847,exact,1.00,
Jammu and Kashmir,ANANTNAG,Anantnag,76128533B6393836306469,exact,1.00,
Jammu and Kashmir,BADGAM,Badgam,76128533B88214376170788,exact,1.00,
Jammu and Kashmir,BANDIPORA,Bandipore,76128533B41744580856133,alias,1.00,
Jammu and Kashmir,BARAMULLA,Baramula,76128533B15567489974292,alias,1.00,
Jammu and Kashmir,DODA,Doda,76128533B48708628358161,exact,1.00,
Jammu and Kashmir,GANDERBAL,Ganderbal,76128533B20504715877560,exact,1.00,
Jammu and Kashmir,JAMMU,Jammu,76128533B3371867518692,exact,1.00,
Jammu and Kashmir,KATHUA,Kathua,76128533B79652855441225,exact,1.00,
Jammu and Kashmir,KISHTWAR,Kishtwar,76128533B20458430922604,exact,1.00,
Jammu and Kashmir,KULGAM,Kulgam,76128533B87327155385261,exact,1.00,
Jammu and Kashmir,KUPWARA,Kupwara,76128533B68195849750399,exact,1.00,
Jammu and Kashmir,POONCH,Punch,76128533B32998994032811,alias,1.00,
Jammu and Kashmir,PULWAMA,Pulwama,76128533B74958462315105,exact,1.00,
Jammu and Kashmir,RAJAURI,Rajouri,76128533B45655211862788,fuzzy,0.91,
Jammu and Kashmir,RAMBAN,Ramban,76128533B92985585225784,exact,1.00,
Jammu and Kashmir,REASI,Reasi,76128533B50784044604286,exact,1.00,
Jammu and Kashmir,SAMBA,Samba,76128533B49429513424897,exact,1.00,
Jammu and Kashmir,SHOPIAN,Shupiyan,76128533B37825396764028,fuzzy,0.83,
Jammu and Kashmir,SRINAGAR,Srinagar,76128533B32249045995424,exact,1.00,
Jammu and Kashmir,UDHAMPUR,Udhampur,76128533B31127900859310,exact,1.00,
Jharkhand,BOKARO,Bokaro,76128533B30016122738302,exact,1.00,
Jharkhand,CHATRA,Chatra,76128533B44632955875385,exact,1.00,
Jharkhand,DEOGHAR,Deoghar,76128533B90068096507942,exact,1.00,
Jharkhand,DHANBAD,Dhanbad,76128533B94847743365739,exact,1.00,
Jharkhand,DUMKA,Dumka,76128533B18802630191461,exact,1.00,
Jharkhand,EAST SINGHBUM,Purbi Singhbhum,76128533B18931932305748,alias,1.00,
Jharkhand,GARHWA,Garhwa,76128533B12294379827032,exact,1.00,
Jharkhand,GIRIDIH,Giridih,76128533B75529869544465,exact,1.00,
Jharkhand,GODDA,Godda,76128533B58697472287618,exact,1.00,
Jharkhand,GUMLA,Gumla,76128533B80916614857890,exact,1.00,
Jharkhand,HAZARIBAGH,Hazaribagh,76128533B1222571856670,exact,1.00,
Jharkhand,JAMTARA,Jamtara,76128533B17261532861377,exact,1.00,
Jharkhand,KHUNTI,Khunti,76128533B27414563922025,exact,1.00,
Jharkhand,KODERMA,Kodarma,76128533B43180268042348,fuzzy,0.86,
Jharkhand,LATEHAR,Latehar,76128533B35143550659673,exact,1.00,
Jharkhand,LOHARDAGA,Lohardaga,76128533B35439951183692,exact,1.00,
Jharkhand,PAKUR,Pakur,76128533B45381195840581,exact,1.00,
Jharkhand,PALAMU,Palamu,76128533B6050540865870,exact,1.00,
Jharkhand,RAMGARH,Ramgarh,76128533B79263581040575,exact,1.00,
Jharkhand,RANCHI,Ranchi,76128533B71439508543442,exact,1.00,
Jharkhand,SAHEBGANJ,Sahibganj,76128533B49805675626253,fuzzy,0.89,
Jharkhand,SARAIKELA KHARSAWAN,Saraikela-Kharsawan,76128533B50275440439236,exact,1.00,
Jharkhand,SIMDEGA,Simdega,76128533B15601995412161,exact,1.00,
Jharkhand,WEST SINGHBHUM,Pashchimi Singhbhum,76128533B60893804631193,alias,1.00,
Karnataka,BAGALKOTE,Bagalkot,76128533B83278580643229,alias,1.00,
Karnataka,BALLARI,Bellary,76128533B92621859299479,fuzzy,0.80,
Karnataka,BANGALORE RURAL,Bangalore Rural,76128533B48075109668277,exact,1.00,
Karnataka,BELAGAVI,Belgaum,76128533B74319098136622,manual,,renamed 2014
Karnataka,BENGALURU URBAN,Bangalore,76128533B76927648517269,manual,,renamed 2014
Karnataka,BIDAR,Bidar,76128533B9794868259401,exact,1.00,
Karnataka,CHAMARAJANAGARA,Chamarajanagar,76128533B16628456658675,alias,1.00,
Karnataka,CHIKKABALLAPURA,Chikkaballapura,76128533B80772392204057,exact,1.00,
Karnataka,CHIKKAMAGALURU,Chikmagalur,76128533B15550697205080,fuzzy,0.95,
Karnataka,CHITRADURGA,Chitradurga,76128533B47594161132413,exact,1.00,
Karnataka,DAKSHINA KANNADA,Dakshina Kannada,76128533B54396396829952,exact,1.00,
Karnataka,DAVANGERE,Davanagere,76128533B49597693387243,fuzzy,0.95,
Karnataka,DHARWAD,Dharwad,76128533B75110579117636,exact,1.00,
Karnataka,GADAG,Gadag,76128533B33966968116377,exact,1.00,
Karnataka,HASSAN,Hassan,76128533B54775433755383,exact,1.00,
Karnataka,HAVERI,Haveri,76128533B86721175299079,exact,1.00,
Karnataka,KALABURAGI,Gulbarga,76128533B1083016608278,manual,,renamed 2014
Karnataka,KODAGU,Kodagu,76128533B57609583882472,exact,1.00,
Karnataka,KOLAR,Kolar,76128533B29292403538801,exact,1.00,
Karnataka,KOPPAL,Koppal,76128533B79601545186231,exact,1.00,
Karnataka,MANDYA,Mandya,76128533B43335986553000,exact,1.00,
Karnataka,MYSURU,Mysore,76128533B95879808095476,fuzzy,0.80,
Karnataka,RAICHUR,Raichur,76128533B284680734793,exact,1.00,
Karnataka,RAMANAGARA,Ramanagara,76128533B79600797037735,exact,1.00,
Karnataka,SHIVAMOGGA,Shimoga,76128533B85389886560116,fuzzy,0.83,
Karnataka,TUMAKURU,Tumkur,76128533B64905184636422,fuzzy,0.92,
Karnataka,UDUPI,Udupi,76128533B4839184447445,exact,1.00,
Karnataka,UTTARA KANNADA,Uttara Kannada,76128533B79180273895456,exact,1.00,
Karnataka,VIJAYAPURA,Bijapur,76128533B40495457052818,fuzzy,0.75,
Karnataka,YADAGIRI,Yadgir,76128533B84927972855096,fuzzy,0.92,
Kerala,ALAPPUZHA,Alappuzha,76128533B86368264587575,exact,1.00,
Kerala,ERNAKULAM,Ernakulam,76128533B75519739609062,exact,1.00,
Kerala,IDUKKI,Idukki,76128533B35083559759016,exact,1.00,
Kerala,KANNUR,Kannur,76128533B41976979530466,exact,1.00,
Kerala,KASARAGOD,Kasaragod,76128533B63366045987285,exact,1.00,
Kerala,KOLLAM,Kollam,76128533B61117593923933,exact,1.00,
Kerala,KOTTAYAM,Kottayam,76128533B2576169508425,exact,1.00,
Kerala,KOZHIKODE,Kozhikode,76128533B3985531353014,exact,1.00,
Kerala,MALAPPURAM,Malappuram,76128533B83861010847920,exact,1.00,
Kerala,PALAKKAD,Palakkad,76128533B19581555782120,exact,1.00,
Kerala,PATHANAMTHITTA,Pathanamthitta,76128533B29330052395581,exact,1.00,
Kerala,THIRUVANANTHAPURAM,Thiruvananthapuram,76128533B33162455176756,exact,1.00,
Kerala,THRISSUR,Thrissur,76128533B75696328527555,exact,1.00,
Kerala,WAYANAD,Wayanad,76128533B82539771173603,exact,1.00,
Ladakh,KARGIL,Kargil,76128533B47664895117076,exact,1.00,
Madhya Pradesh,AGAR MALWA,Agar,76128533B29721759389119,subset,,
Madhya Pradesh,ALIRAJPUR,Alirajpur,76128533B35167844027544,exact,1.00,
Madhya Pradesh,ANUPPUR,Anuppur,76128533B25468964623139,exact,1.00,
Madhya Pradesh,ASHOKNAGAR,Ashoknagar,76128533B75548370501185,exact,1.00,
Madhya Pradesh,BALAGHAT,Balaghat,76128533B66134271591289,exact,1.00,
Madhya Pradesh,BARWANI,Barwani,76128533B668165975951,exact,1.00,
Madhya Pradesh,BETUL,Betul,76128533B82559220423608,exact,1.00,
Madhya Pradesh,BHIND,Bhind,76128533B57712033428660,exact,1.00,
Madhya Pradesh,BHOPAL,Bhopal,76128533B22439249004073,exact,1.00,
Madhya Pradesh,BURHANPUR,Burhanpur,76128533B37096001761063,exact,1.00,
Madhya Pradesh,CHHATARPUR,Chhatarpur,76128533B42922918567330,exact,1.00,
Madhya Pradesh,CHHINDWARA,Chhindwara,76128533B70646408240587,exact,1.00,
Madhya Pradesh,DAMOH,Damoh,76128533B44250373880839,exact,1.00,
Madhya Pradesh,DATIA,Datia,76128533B80958502091898,exact,1.00,
Madhya Pradesh,DEWAS,Dewas,76128533B53549946596470,exact,1.00,
Madhya Pradesh,DHAR,Dhar,76128533B42880544505675,exact,1.00,
Madhya Pradesh,DINDORI,Dindori,76128533B20502827346807,exact,1.00,
Madhya Pradesh,GUNA,Guna,76128533B79048012717121,exact,1.00,
Madhya Pradesh,GWALIOR,Gwalior,76128533B90551733723251,exact,1.00,
Madhya Pradesh,HARDA,Harda,76128533B21179322085415,exact,1.00,
Madhya Pradesh,HOSHANGABAD,Hoshangabad,76128533B45314020251888,exact,1.00,
Madhya Pradesh,INDORE,Indore,76128533B60360721573267,exact,1.00,
Madhya Pradesh,JABALPUR,Jabalpur,76128533B27615708126939,exact,1.00,
Madhya Pradesh,JHABUA,Jhabua,76128533B67004768724668,exact,1.00,
Madhya Pradesh,KATNI,Katni,76128533B16674973717653,exact,1.00,
Madhya Pradesh,KHANDWA,Khandwa (East Nimar),76128533B71271011331008,alias,1.00,
Madhya Pradesh,KHARGONE,Khargone (West Nimar),76128533B69481535535995,alias,1.00,
Madhya Pradesh,MANDLA,Mandla,76128533B79087524886024,exact,1.00,
Madhya Pradesh,MANDSAUR,Mandsaur,76128533B25679991785711,exact,1.00,
Madhya Pradesh,MORENA,Morena,76128533B12343314564708,exact,1.00,
Madhya Pradesh,NARSINGHPUR,Narsimhapur,76128533B20683890392439,fuzzy,0.82,
Madhya Pradesh,NEEMUCH,Neemuch,76128533B77191913035963,exact,1.00,
Madhya Pradesh,NIWARI,Niwari,76128533B38767180038480,exact,1.00,
Madhya Pradesh,PANNA,Panna,76128533B81607600692021,exact,1.00,
Madhya Pradesh,RAISEN,Raisen,76128533B57893545331548,exact,1.00,
Madhya Pradesh,RAJGARH,Rajgarh,76128533B28521131010314,exact,1.00,
Madhya Pradesh,RATLAM,Ratlam,76128533B19341883513630,exact,1.00,
Madhya Pradesh,REWA,Rewa,76128533B31161316175613,exact,1.00,
Madhya Pradesh,SAGAR,Sagar,76128533B30447764775083,exact,1.00,
Madhya Pradesh,SATNA,Satna,76128533B39705008578419,exact,1.00,
Madhya Pradesh,SEHORE,Sehore,76128533B39959897010345,exact,1.00,
Madhya Pradesh,SEONI,Seoni,76128533B78482805703540,exact,1.00,
Madhya Pradesh,SHAHDOL,Shahdol,76128533B79303776608295,exact,1.00,
Madhya Pradesh,SHAJAPUR,Shajapur,76128533B30477486088156,exact,1.00,
Madhya Pradesh,SHEOPUR,Sheopur,76128533B82240600990321,exact,1.00,
Madhya Pradesh,SHIVPURI,Shivpuri,76128533B66335428496945,exact,1.00,
Madhya Pradesh,SIDHI,Sidhi,76128533B53791014455989,exact,1.00,
Madhya Pradesh,SINGRAULI,Singrauli,76128533B50014751336341,exact,1.00,
Madhya Pradesh,TIKAMGARH,Tikamgarh,76128533B1566053393466,exact,1.00,
Madhya Pradesh,UJJAIN,Ujjain,76128533B89286042589317,exact,1.00,
Madhya Pradesh,UMARIA,Umaria,76128533B4466876522971,exact,1.00,
Madhya Pradesh,VIDISHA,Vidisha,76128533B64834018186186,exact,1.00,
Maharashtra,AHMEDNAGAR,Ahmadnagar,76128533B47816398970283,fuzzy,0.90,
Maharashtra,AKOLA,Akola,76128533B12380735325851,exact,1.00,
Maharashtra,AMRAVATI,Amravati,76128533B63815467309300,exact,1.00,
Maharashtra,AURANGABAD,Aurangabad,76128533B39329594544563,exact,1.00,
Maharashtra,BEED,Bid,76128533B5215906594478,alias,1.00,
Maharashtra,BHANDARA,Bhandara,76128533B14243635342908,exact,1.00,
Maharashtra,BULDHANA,Buldana,76128533B70021405538438,alias,1.00,
Maharashtra,CHANDRAPUR,Chandrapur,76128533B31342633028465,exact,1.00,
Maharashtra,DHULE,Dhule,76128533B25344721013980,exact,1.00,
Maharashtra,GADCHIROLI,Gadchiroli,76128533B36958871695926,exact,1.00,
Maharashtra,GONDIA,Gondiya,76128533B76286653784168,alias,1.00,
Maharashtra,HINGOLI,Hingoli,76128533B86424887513424,exact,1.00,
Maharashtra,JALGAON,Jalgaon,76128533B40156838070,exact,1.00,
Maharashtra,JALNA,Jalna,76128533B55603381222870,exact,1.00,
Maharashtra,KOLHAPUR,Kolhapur,76128533B66719908763317,exact,1.00,
Maharashtra,LATUR,Latur,76128533B98050240849249,exact,1.00,
Maharashtra,MUMBAI SUBURBAN,Mumbai Suburban,76128533B67326016655833,exact,1.00,
Maharashtra,NAGPUR,Nagpur,76128533B3026318797185,exact,1.00,
Maharashtra,NANDED,Nanded,76128533B63783580004876,exact,1.00,
Maharashtra,NANDURBAR,Nandurbar,76128533B61304308285665,exact,1.00,
Maharashtra,NASHIK,Nashik,76128533B50056157736049,exact,1.00,
Maharashtra,OSMANABAD,Osmanabad,76128533B20474666262371,exact,1.00,
Maharashtra,PALGHAR,Palghar,76128533B37148244536449,exact,1.00,
Maharashtra,PARBHANI,Parbhani,76128533B27609096170969,exact,1.00,
Maharashtra,PUNE,Pune,76128533B71380851181380,exact,1.00,
Maharashtra,RAIGAD,Raigarh,76128533B99895802074414,fuzzy,0.77,
Maharashtra,RATNAGIRI,Ratnagiri,76128533B8575303957680,exact,1.00,
Maharashtra,SANGLI,Sangli,76128533B9892158671522,exact,1.00,
Maharashtra,SATARA,Satara,76128533B93152786731267,exact,1.00,
Maharashtra,SINDHUDURG,Sindhudurg,76128533B39238815774480,exact,1.00,
Maharashtra,SOLAPUR,Solapur,76128533B62490300334729,exact,1.00,
Maharashtra,THANE,Thane,76128533B74859418903113,exact,1.00,
Maharashtra,WARDHA,Wardha,76128533B37486272752374,exact,1.00,
Maharashtra,WASHIM,Washim,76128533B59866172845044,exact,1.00,
Maharashtra,YAVATMAL,Yavatmal,76128533B61814103412294,exact,1.00,
Meghalaya,EAST GARO HILLS,East Garo Hills,76128533B40535123096970,exact,1.00,
Meghalaya,EAST JAINTIA HILLS,East Jaintia Hills,76128533B70185077694103,exact,1.00,
Meghalaya,EAST KHASI HILLS,East Khasi Hills,76128533B49246671500878,exact,1.00,
Meghalaya,NORTH GARO HILLS,North Garo Hills,76128533B35759455556328,exact,1.00,
Meghalaya,RI BHOI,Ribhoi,76128533B70570208114113,alias,1.00,
Meghalaya,SOUTH GARO HILLS,South Garo Hills,76128533B79750857313751,exact,1.00,
Meghalaya,SOUTH WEST GARO HILLS,South West Garo Hills,76128533B52906466328910,exact,1.00,
Meghalaya,SOUTH WEST KHASI HILLS,South West Khasi Hills,76128533B27102120636500,exact,1.00,
Meghalaya,WEST GARO HILLS,West Garo Hills,76128533B96195300293897,exact,1.00,
Meghalaya,WEST JAINTIA HILLS,West Jaintia Hills,76128533B84622469201834,exact,1.00,
Meghalaya,WEST KHASI HILLS,West Khasi Hills,76128533B42153891534463,exact,1.00,
Mizoram,AIZAWL,Aizawl|Saitual,76128533B34203923268864|76128533B62486414019241,manual,,Saitual split off in 2019; DES 2019-20 still reports 8 districts
Mizoram,CHAMPHAI,Champhai|Khawzawl,76128533B39039541714099|76128533B41321006511827,manual,,Khawzawl split off in 2019; DES 2019-20 still reports 8 districts
Mizoram,KOLASIB,Kolasib,76128533B38141181853016,exact,1.00,
Mizoram,LAWNGTLAI,Lawngtlai,76128533B70210707786180,exact,1.00,
Mizoram,LUNGLEI,Lunglei|Hnahthial,76128533B97836280165555|76128533B64903504311414,manual,,Hnahthial split off in 2019; DES 2019-20 still reports 8 districts
Mizoram,MAMIT,Mamit,76128533B77336742344288,exact,1.00,
Mizoram,SAIHA,Saiha,76128533B35468154415031,exact,1.00,
Mizoram,SERCHHIP,Serchhip,76128533B49456368048033,exact,1.00,
Nagaland,DIMAPUR,Dimapur,76128533B85747247216737,exact,1.00,
Nagaland,KIPHIRE,Kiphire,76128533B49100243723360,exact,1.00,
Nagaland,KOHIMA,Kohima,76128533B53671786151110,exact,1.00,
Nagaland,LONGLENG,Longleng,76128533B66411945144923,exact,1.00,
Nagaland,MOKOKCHUNG,Mokokchung,76128533B82793215586362,exact,1.00,
Nagaland,MON,Mon,76128533B23611090346849,exact,1.00,
Nagaland,PEREN,Peren,76128533B2970909480221,exact,1.00,
Nagaland,PHEK,Phek,76128533B13733639953372,exact,1.00,
Nagaland,TUENSANG,Tuensang,76128533B82052450002431,exact,1.00,
Nagaland,WOKHA,Wokha,76128533B67210465807627,exact,1.00,
Nagaland,ZUNHEBOTO,Zunheboto,76128533B58058152513003,exact,1.00,
Odisha,ANUGUL,Anugul,76128533B60186573304899,exact,1.00,
Odisha,BALANGIR,Balangir,76128533B44395557448920,exact,1.00,
Odisha,BALESHWAR,Baleshwar,76128533B81147724102706,exact,1.00,
Odisha,BARGARH,Bargarh,76128533B74482494441458,exact,1.00,
Odisha,BHADRAK,Bhadrak,76128533B58797478961083,exact,1.00,
Odisha,BOUDH,Baudh,76128533B84772375641700,fuzzy,0.86,
Odisha,CUTTACK,Cuttack,76128533B70842759816811,exact,1.00,
Odisha,DEOGARH,Debagarh,76128533B64749652826710,fuzzy,0.80,
Odisha,DHENKANAL,Dhenkanal,76128533B32509926596077,exact,1.00,
Odisha,GAJAPATI,Gajapati,76128533B73854359719990,exact,1.00,
Odisha,GANJAM,Ganjam,76128533B633842538351,exact,1.00,
Odisha,JAGATSINGHAPUR,Jagatsinghapur,76128533B32949331695897,exact,1.00,
Odisha,JAJAPUR,Jajapur,76128533B91818883767147,exact,1.00,
Odisha,JHARSUGUDA,Jharsuguda,76128533B93240759409313,exact,1.00,
Odisha,KALAHANDI,Kalahandi,76128533B70759200975708,exact,1.00,
Odisha,KANDHAMAL,Kandhamal,76128533B8798165946807,exact,1.00,
Odisha,KENDRAPARA,Kendrapara,76128533B98951704707517,exact,1.00,
Odisha,KENDUJHAR,Kendujhar,76128533B59504628511334,exact,1.00,
Odisha,KHORDHA,Khordha,76128533B52802748445403,exact,1.00,
Odisha,KORAPUT,Koraput,76128533B47448948912370,exact,1.00,
Odisha,MALKANGIRI,Malkangiri,76128533B85917349021677,exact,1.00,
Odisha,MAYURBHANJ,Mayurbhanj,76128533B34216851275023,exact,1.00,
Odisha,NABARANGPUR,Nabarangapur,76128533B99037046327658,fuzzy,0.96,
Odisha,NAYAGARH,Nayagarh,76128533B77719785699048,exact,1.00,
Odisha,NUAPADA,Nuapada,76128533B33451850475260,exact,1.00,
Odisha,PURI,Puri,76128533B80656256583567,exact,1.00,
Odisha,RAYAGADA,Rayagada,76128533B50498617372937,exact,1.00,
Odisha,SAMBALPUR,Sambalpur,76128533B84129562351919,exact,1.00,
Odisha,SONEPUR,Subarnapur,76128533B6884509901047,manual,,Sonepur = Subarnapur
Odisha,SUNDARGARH,Sundargarh,76128533B6128685860104,exact,1.00,
Puducherry,KARAIKAL,Karaikal,76128533B62624361588317,exact,1.00,
Puducherry,MAHE,Mahe,76128533B41246169049488,exact,1.00,
Puducherry,PONDICHERRY,Puducherry,76128533B29873478326363,fuzzy,0.76,
Puducherry,YANAM,Yanam,76128533B83105693975079,exact,1.00,
Punjab,AMRITSAR,Amritsar,76128533B8426545955058,exact,1.00,
Punjab,BARNALA,Barnala,76128533B39051871473194,exact,1.00,
Punjab,BATHINDA,Bathinda,76128533B13791982054894,exact,1.00,
Punjab,FARIDKOT,Faridkot,76128533B13552746017223,exact,1.00,
Punjab,FATEHGARH SAHIB,Fatehgarh Sahib,76128533B99919205026025,exact,1.00,
Punjab,FAZILKA,Fazilka,76128533B7291413308870,exact,1.00,
Punjab,FIROZEPUR,Firozpur,76128533B421757708753,fuzzy,0.94,
Punjab,GURDASPUR,Gurdaspur,76128533B51331331726928,exact,1.00,
Punjab,HOSHIARPUR,Hoshiarpur,76128533B41747884279129,exact,1.00,
Punjab,JALANDHAR,Jalandhar,76128533B91211372620495,exact,1.00,
Punjab,KAPURTHALA,Kapurthala,76128533B37199077904074,exact,1.00,
Punjab,LUDHIANA,Ludhiana,76128533B46195204843409,exact,1.00,
Punjab,MANSA,Mansa,76128533B41499938690181,exact,1.00,
Punjab,MOGA,Moga,76128533B18834172694083,exact,1.00,
Punjab,MUKTSAR,Muktsar,76128533B50184713016881,exact,1.00,
Punjab,PATHANKOT,Pathankot,76128533B19630094725383,exact,1.00,
Punjab,PATIALA,Patiala,76128533B39368211148513,exact,1.00,
Punjab,RUPNAGAR,Rupnagar,76128533B24759700890118,exact,1.00,
Punjab,S NAGAR,Sahibzada Ajit Singh Nagar,76128533B12197302963241,manual,,SAS Nagar (Mohali)
Punjab,SANGRUR,Sangrur,76128533B82601690264832,exact,1.00,
Punjab,SHAHID BHAGAT SINGH NAGAR,Shahid Bhagat Singh Nagar,76128533B14984770113274,exact,1.00,
Punjab,TARN TARAN,Tarn Taran,76128533B54652028494758,exact,1.00,
Rajasthan,AJMER,Ajmer,76128533B60180372390230,exact,1.00,
Rajasthan,ALWAR,Alwar,76128533B5628791558965,exact,1.00,
Rajasthan,BANSWARA,Banswara,76128533B96584288929219,exact,1.00,
Rajasthan,BARAN,Baran,76128533B98308664713511,exact,1.00,
Rajasthan,BARMER,Barmer,76128533B75922461866405,exact,1.00,
Rajasthan,BHARATPUR,Bharatpur,76128533B25576352747885,exact,1.00,
Rajasthan,BHILWARA,Bhilwara,76128533B93441663686573,exact,1.00,
Rajasthan,BIKANER,Bikaner,76128533B55039756001726,exact,1.00,
Rajasthan,BUNDI,Bundi,76128533B69412164931619,exact,1.00,
Rajasthan,CHITTORGARH,Chittaurgarh,76128533B58527154065354,fuzzy,0.87,
Rajasthan,CHURU,Churu,76128533B66825707357376,exact,1.00,
Rajasthan,DAUSA,Dausa,76128533B73809971322123,exact,1.00,
Rajasthan,DHOLPUR,Dhaulpur,76128533B64898456093948,fuzzy,0.80,
Rajasthan,DUNGARPUR,Dungarpur,76128533B12079567451207,exact,1.00,
Rajasthan,GANGANAGAR,Ganganagar,76128533B72079972234594,exact,1.00,
Rajasthan,HANUMANGARH,Hanumangarh,76128533B92044109913630,exact,1.00,
Rajasthan,JAIPUR,Jaipur,76128533B28755611410447,exact,1.00,
Rajasthan,JAISALMER,Jaisalmer,76128533B14849085202492,exact,1.00,
Rajasthan,JALORE,Jalor,76128533B59459156188335,alias,1.00,
Rajasthan,JHALAWAR,Jhalawar,76128533B91943656836526,exact,1.00,
Rajasthan,JHUNJHUNU,Jhunjhunun,76128533B86135761305702,fuzzy,0.95,
Rajasthan,JODHPUR,Jodhpur,76128533B84094142280102,exact,1.00,
Rajasthan,KARAULI,Karauli,76128533B34069028331411,exact,1.00,
Rajasthan,KOTA,Kota,76128533B74447895476194,exact,1.00,
Rajasthan,NAGAUR,Nagaur,76128533B43544960343942,exact,1.00,
Rajasthan,PALI,Pali,76128533B9783509419210,exact,1.00,
Rajasthan,PRATAPGARH,Pratapgarh,76128533B50613523798301,exact,1.00,
Rajasthan,RAJSAMAND,Rajsamand,76128533B11082155919544,exact,1.00,
Rajasthan,SAWAI MADHOPUR,Sawai Madhopur,76128533B28138828116492,exact,1.00,
Rajasthan,SIKAR,Sikar,76128533B20732636837048,exact,1.00,
Rajasthan,SIROHI,Sirohi,76128533B49867917697487,exact,1.00,
Rajasthan,TONK,Tonk,76128533B54301724756864,exact,1.00,
Rajasthan,UDAIPUR,Udaipur,76128533B37392223136185,exact,1.00,
Sikkim,EAST DISTRICT,East District,76128533B67639510673366,exact,1.00,
Sikkim,NORTH DISTRICT,North District,76128533B65820903826030,exact,1.00,
Sikkim,SOUTH DISTRICT,South District,76128533B10270619600482,exact,1.00,
Sikkim,WEST DISTRICT,West District,76128533B30151252629779,exact,1.00,
Tamil Nadu,ARIYALUR,Ariyalur,76128533B16889790752134,exact,1.00,
Tamil Nadu,CHENGALPATTU,Chengalputtu,76128533B88669134807148,fuzzy,0.92,
Tamil Nadu,CHENNAI,Chennai,76128533B89024397489955,exact,1.00,
Tamil Nadu,COIMBATORE,Coimbatore,76128533B4753404177348,exact,1.00,
Tamil Nadu,CUDDALORE,Cuddalore,76128533B61321395333865,exact,1.00,
Tamil Nadu,DHARMAPURI,Dharmapuri,76128533B4743808419896,exact,1.00,
Tamil Nadu,DINDIGUL,Dindigul,76128533B28879432621383,exact,1.00,
Tamil Nadu,ERODE,Erode,76128533B15337568968545,exact,1.00,
Tamil Nadu,KALLAKURICHI,Kallakurichi,76128533B19545859035458,exact,1.00,
Tamil Nadu,KANCHIPURAM,Kancheepuram,76128533B83644689337946,alias,1.00,
Tamil Nadu,KANNIYAKUMARI,Kanniyakumari,76128533B53796141759805,exact,1.00,
Tamil Nadu,KARUR,Karur,76128533B19335918192159,exact,1.00,
Tamil Nadu,KRISHNAGIRI,Krishnagiri,76128533B35717069663408,exact,1.00,
Tamil Nadu,MADURAI,Madurai,76128533B71824979235503,exact,1.00,
Tamil Nadu,NAGAPATTINAM,Nagapattinam|Mayiladuthurai,76128533B88466433485589|76128533B63176236753619,manual,,Mayiladuthurai split off in 2020; DES 2019-20 reports it inside Nagapattinam
Tamil Nadu,NAMAKKAL,Namakkal,76128533B51372664315362,exact,1.00,
Tamil Nadu,PERAMBALUR,Perambalur,76128533B51799781997546,exact,1.00,
Tamil Nadu,PUDUKKOTTAI,Pudukkottai,76128533B64003397477352,exact,1.00,
Tamil Nadu,RAMANATHAPURAM,Ramanathapuram,76128533B1629699732681,exact,1.00,
Tamil Nadu,RANIPET,Ranipet,76128533B22687502928564,exact,1.00,
Tamil Nadu,SALEM,Salem,76128533B52590639744160,exact,1.00,
Tamil Nadu,SIVAGANGA,Sivaganga,76128533B89925537847414,exact,1.00,
Tamil Nadu,TENKASI,Tenkasi,76128533B27604563137530,exact,1.00,
Tamil Nadu,THANJAVUR,Thanjavur,76128533B54279577656282,exact,1.00,
Tamil Nadu,THE NILGIRIS,The Nilgiris,76128533B21812274124310,exact,1.00,
Tamil Nadu,THENI,Theni,76128533B79135514077232,exact,1.00,
Tamil Nadu,THIRUVALLUR,Thiruvallur,76128533B45592431373253,exact,1.00,
Tamil Nadu,THIRUVARUR,Thiruvarur,76128533B45072089356239,exact,1.00,
Tamil Nadu,TIRUCHIRAPPALLI,Tiruchirappalli,76128533B1645877589145,exact,1.00,
Tamil Nadu,TIRUNELVELI,Tirunelveli,76128533B52639434516056,exact,1.00,
Tamil Nadu,TIRUPATHUR,Tirupathur,76128533B11403491783632,exact,1.00,
Tamil Nadu,TIRUPPUR,Tiruppur,76128533B57036825942975,exact,1.00,
Tamil Nadu,TIRUVANNAMALAI,Tiruvannamalai,76128533B89575258858457,exact,1.00,
Tamil Nadu,TUTICORIN,Thoothukkudi,76128533B31241181851990,manual,,Tuticorin = Thoothukkudi
Tamil Nadu,VELLORE,Vellore,76128533B89374164863010,exact,1.00,
Tamil Nadu,VILLUPURAM,Viluppuram,76128533B86430586962522,alias,1.00,
Tamil Nadu,VIRUDHUNAGAR,Virudhunagar,76128533B70974512658911,exact,1.00,
Telangana,ADILABAD,Adilabad,76128533B38354309367879,exact,1.00,
Telangana,BHADRADRI,Bhadradri,76128533B30246762498957,exact,1.00,
Telangana,HANUMAKONDA,Warangal (U),76128533B34824326075805,manual,,Warangal Urban renamed Hanumakonda in 2021
Telangana,JAGITIAL,Jagtial,76128533B67054925852429,fuzzy,0.93,
Telangana,JANGOAN,Jangaon,76128533B8930157583904,fuzzy,0.86,
Telangana,JAYASHANKAR,Jayashankar,76128533B60322704115131,exact,1.00,
Telangana,JOGULAMBA,Jogulamba,76128533B72829420975835,exact,1.00,
Telangana,KAMAREDDY,Kamareddy,76128533B21068662878849,exact,1.00,
Telangana,KARIMNAGAR,Karimnagar,76128533B58104976570569,exact,1.00,
Telangana,KHAMMAM,Khammam,76128533B96571577519224,exact,1.00,
Telangana,KOMARAM BHEEM ASIFABAD,Komaram Bheem,76128533B33226396095315,subset,,
Telangana,MAHABUBABAD,Mahabubabad,76128533B28290181894983,exact,1.00,
Telangana,MAHBUBNAGAR,Mahabubnagar,76128533B58170186574016,fuzzy,0.96,
Telangana,MANCHERIAL,Mancherial,76128533B53018054761164,exact,1.00,
Telangana,MEDAK,Medak,76128533B97126567441665,exact,1.00,
Telangana,MEDCHAL MALKAJGIRI,Medchal,76128533B71056110198347,subset,,
Telangana,MULUGU,Mulugu,76128533B84398038505400,exact,1.00,
Telangana,NAGARKURNOOL,Nagarkurnool,76128533B31246189674263,exact,1.00,
Telangana,NALGONDA,Nalgonda,76128533B8892495882090,exact,1.00,
Telangana,NARAYANAPET,Narayanpet,76128533B14968875277413,fuzzy,0.95,
Telangana,NIRMAL,Nirmal,76128533B25280172436550,exact,1.00,
Telangana,NIZAMABAD,Nizamabad,76128533B58493775523243,exact,1.00,
Telangana,PEDDAPALLI,Peddapalli,76128533B53373614632193,exact,1.00,
Telangana,RAJANNA,Rajanna Sircilla,76128533B21485897206517,subset,,
Telangana,RANGAREDDI,Rangareddy,76128533B31175522938788,alias,1.00,
Telangana,SANGAREDDY,Sangareddy,76128533B40480360118262,exact,1.00,
Telangana,SIDDIPET,Siddipet,76128533B31111781432113,exact,1.00,
Telangana,SURYAPET,Suryapet,76128533B24594618908349,exact,1.00,
Telangana,VIKARABAD,Vikarabad,76128533B74887942950962,exact,1.00,
Telangana,WANAPARTHY,Wanaparthy,76128533B49394025943542,exact,1.00,
Telangana,WARANGAL,Warangal (R),76128533B63833971372360,alias,1.00,
Telangana,YADADRI,Yadadri Bhongiri,76128533B85157820615002,subset,,
Tripura,DHALAI,Dhalai,76128533B42970684683247,exact,1.00,
Tripura,GOMATI,Gomati,76128533B94126463611805,exact,1.00,
Tripura,KHOWAI,Khowai,76128533B67044589012853,exact,1.00,
Tripura,NORTH TRIPURA,North Tripura,76128533B77134386587213,exact,1.00,
Tripura,SEPAHIJALA,Sipahijula,76128533B43965372582859,fuzzy,0.80,
Tripura,SOUTH TRIPURA,South Tripura,76128533B67748245133340,exact,1.00,
Tripura,UNAKOTI,Unokoti,76128533B4720703924950,fuzzy,0.86,
Tripura,WEST TRIPURA,West Tripura,76128533B97225684979956,exact,1.00,
Uttar Pradesh,AGRA,Agra,76128533B26296891809198,exact,1.00,
Uttar Pradesh,ALIGARH,Aligarh,76128533B60862799554879,exact,1.00,
Uttar Pradesh,ALLAHABAD,Allahabad,76128533B51368558457506,exact,1.00,
Uttar Pradesh,AMBEDKAR NAGAR,Ambedkar Nagar,76128533B7879459377699,exact,1.00,
Uttar Pradesh,AMETHI,Amethi,76128533B13908294104682,exact,1.00,
Uttar Pradesh,AMROHA,Jyotiba Phule Nagar,76128533B21119051307760,manual,,old name of Amroha
Uttar Pradesh,AURAIYA,Auraiya,76128533B20660206691661,exact,1.00,
Uttar Pradesh,AZAMGARH,Azamgarh,76128533B73925919155567,exact,1.00,
Uttar Pradesh,BAGHPAT,Baghpat,76128533B46268976217915,exact,1.00,
Uttar Pradesh,BAHRAICH,Bahraich,76128533B66612397499770,exact,1.00,
Uttar Pradesh,BALLIA,Ballia,76128533B73769926250842,exact,1.00,
Uttar Pradesh,BALRAMPUR,Balrampur,76128533B87371000929659,exact,1.00,
Uttar Pradesh,BANDA,Banda,76128533B45099378029175,exact,1.00,
Uttar Pradesh,BARABANKI,Bara Banki,76128533B74938989340684,alias,1.00,
Uttar Pradesh,BAREILLY,Bareilly,76128533B68554447699730,exact,1.00,
Uttar Pradesh,BASTI,Basti,76128533B18648944871057,exact,1.00,
Uttar Pradesh,BIJNOR,Bijnor,76128533B14534161138054,exact,1.00,
Uttar Pradesh,BUDAUN,Budaun,76128533B84679668760735,exact,1.00,
Uttar Pradesh,BULANDSHAHR,Bulandshahr,76128533B13272482176343,exact,1.00,
Uttar Pradesh,CHANDAULI,Chandauli,76128533B13673614951516,exact,1.00,
Uttar Pradesh,CHITRAKOOT,Chitrakoot,76128533B53725063754801,exact,1.00,
Uttar Pradesh,DEORIA,Deoria,76128533B40023971667984,exact,1.00,
Uttar Pradesh,ETAH,Etah,76128533B15342706434354,exact,1.00,
Uttar Pradesh,ETAWAH,Etawah,76128533B79784438258239,exact,1.00,
Uttar Pradesh,FAIZABAD,Faizabad,76128533B60320291189162,exact,1.00,
Uttar Pradesh,FARRUKHABAD,Farrukhabad,76128533B59596968713717,exact,1.00,
Uttar Pradesh,FATEHPUR,Fatehpur,76128533B7124697440629,exact,1.00,
Uttar Pradesh,FIROZABAD,Firozabad,76128533B91640519747726,exact,1.00,
Uttar Pradesh,GAUTAM BUDDHA NAGAR,Gautam Buddha Nagar,76128533B34462889864078,exact,1.00,
Uttar Pradesh,GHAZIABAD,Ghaziabad,76128533B68984344044805,exact,1.00,
Uttar Pradesh,GHAZIPUR,Ghazipur,76128533B49460554954204,exact,1.00,
Uttar Pradesh,GONDA,Gonda,76128533B67530641452031,exact,1.00,
Uttar Pradesh,GORAKHPUR,Gorakhpur,76128533B40226077866964,exact,1.00,
Uttar Pradesh,HAMIRPUR,Hamirpur,76128533B27201270098470,exact,1.00,
Uttar Pradesh,HAPUR,Hapur,76128533B87317961648652,exact,1.00,
Uttar Pradesh,HARDOI,Hardoi,76128533B25208535254310,exact,1.00,
Uttar Pradesh,HATHRAS,Mahamaya Nagar,76128533B8878807356913,manual,,old name of Hathras
Uttar Pradesh,JALAUN,Jalaun,76128533B15835290978888,exact,1.00,
Uttar Pradesh,JAUNPUR,Jaunpur,76128533B64732849735713,exact,1.00,
Uttar Pradesh,JHANSI,Jhansi,76128533B66072086060089,exact,1.00,
Uttar Pradesh,KANNAUJ,Kannauj,76128533B80966996849325,exact,1.00,
Uttar Pradesh,KANPUR DEHAT,Kanpur Dehat,76128533B80299348876357,exact,1.00,
Uttar Pradesh,KANPUR NAGAR,Kanpur Nagar,76128533B23710487943819,exact,1.00,
Uttar Pradesh,KASGANJ,Kanshiram Nagar,76128533B7643504807381,manual,,old name of Kasganj
Uttar Pradesh,KAUSHAMBI,Kaushambi,76128533B98420041301261,exact,1.00,
Uttar Pradesh,KHERI,Kheri,76128533B76479861129777,exact,1.00,
Uttar Pradesh,KUSHI NAGAR,Kushinagar,76128533B26931973511551,alias,1.00,
Uttar Pradesh,LALITPUR,Lalitpur,76128533B59256192226816,exact,1.00,
Uttar Pradesh,LUCKNOW,Lucknow,76128533B49436035281620,exact,1.00,
Uttar Pradesh,MAHARAJGANJ,Mahrajganj,76128533B29554440319099,fuzzy,0.95,
Uttar Pradesh,MAHOBA,Mahoba,76128533B11083100419963,exact,1.00,
Uttar Pradesh,MAINPURI,Mainpuri,76128533B84772439394056,exact,1.00,
Uttar Pradesh,MATHURA,Mathura,76128533B88758450653156,exact,1.00,
Uttar Pradesh,MAU,Mau,76128533B88623139855224,exact,1.00,
Uttar Pradesh,MEERUT,Meerut,76128533B61760400952464,exact,1.00,
Uttar Pradesh,MIRZAPUR,Mirzapur,76128533B18243475101734,exact,1.00,
Uttar Pradesh,MORADABAD,Moradabad,76128533B51849218363622,exact,1.00,
Uttar Pradesh,MUZAFFARNAGAR,Muzaffarnagar,76128533B87051210355251,exact,1.00,
Uttar Pradesh,PILIBHIT,Pilibhit,76128533B90071703601852,exact,1.00,
Uttar Pradesh,PRATAPGARH,Pratapgarh,76128533B20647769792365,exact,1.00,
Uttar Pradesh,RAE BARELI,Rae Bareli,76128533B74057284038879,exact,1.00,
Uttar Pradesh,RAMPUR,Rampur,76128533B46682008877369,exact,1.00,
Uttar Pradesh,SAHARANPUR,Saharanpur,76128533B33437990510331,exact,1.00,
Uttar Pradesh,SAMBHAL,Sambhal,76128533B7545062765383,exact,1.00,
Uttar Pradesh,SANT KABEER NAGAR,Sant Kabir Nagar,76128533B54279951806726,alias,1.00,
Uttar Pradesh,SANT RAVIDAS NAGAR,Sant Ravidas Nagar (Bhadohi),76128533B87515288456202,alias,1.00,
Uttar Pradesh,SHAHJAHANPUR,Shahjahanpur,76128533B96870418529164,exact,1.00,
Uttar Pradesh,SHAMLI,Samli,76128533B35465481868600,alias,1.00,
Uttar Pradesh,SHRAVASTI,Shrawasti,76128533B34832354589031,alias,1.00,
Uttar Pradesh,SIDDHARTH NAGAR,Siddharthnagar,76128533B40509297062120,alias,1.00,
Uttar Pradesh,SITAPUR,Sitapur,76128533B8998698404381,exact,1.00,
Uttar Pradesh,SONBHADRA,Sonbhadra,76128533B52058654769647,exact,1.00,
Uttar Pradesh,SULTANPUR,Sultanpur,76128533B1996088953603,exact,1.00,
Uttar Pradesh,UNNAO,Unnao,76128533B42623703243160,exact,1.00,
Uttar Pradesh,VARANASI,Varanasi,76128533B7622369120497,exact,1.00,
Uttarakhand,ALMORA,Almora,76128533B74917207853309,exact,1.00,
Uttarakhand,BAGESHWAR,Bageshwar,76128533B64217423710469,exact,1.00,
Uttarakhand,CHAMOLI,Chamoli,76128533B69844709752120,exact,1.00,
Uttarakhand,CHAMPAWAT,Champawat,76128533B2761749808956,exact,1.00,
Uttarakhand,DEHRADUN,Dehradun,76128533B67005208112053,exact,1.00,
Uttarakhand,HARIDWAR,Hardwar,76128533B87833640460819,fuzzy,0.93,
Uttarakhand,NAINITAL,Nainital,76128533B50374927918374,exact,1.00,
Uttarakhand,PAURI GARHWAL,Garhwal,76128533B46926146855114,subset,,
Uttarakhand,PITHORAGARH,Pithoragarh,76128533B38561771925520,exact,1.00,
Uttarakhand,RUDRA PRAYAG,Rudraprayag,76128533B46038384763988,alias,1.00,
Uttarakhand,TEHRI GARHWAL,Tehri Garhwal,76128533B61134942989820,exact,1.00,
Uttarakhand,UDAM SINGH NAGAR,Udham Singh Nagar,76128533B46531174070538,alias,1.00,
Uttarakhand,UTTAR KASHI,Uttarkashi,76128533B81694682724865,alias,1.00,
West Bengal,ALIPURDUAR,Alipurduar,76128533B23858286755005,exact,1.00,
West Bengal,BANKURA,Bankura,76128533B20752885472650,exact,1.00,
West Bengal,BIRBHUM,Birbhum,76128533B53366745705922,exact,1.00,
West Bengal,COOCHBEHAR,Koch Bihar,76128533B64156747739715,manual,,Cooch Behar = Koch Bihar
West Bengal,DARJEELING,Darjiling,76128533B17109302371020,alias,1.00,
West Bengal,DINAJPUR DAKSHIN,Dakshin Dinajpur,76128533B43049220506604,alias,1.00,
West Bengal,DINAJPUR UTTAR,Uttar Dinajpur,76128533B7157007143985,alias,1.00,
West Bengal,HOOGHLY,Hugli,76128533B81857725777974,alias,1.00,
West Bengal,HOWRAH,Haora,76128533B22077262393417,manual,,Howrah = Haora
West Bengal,JALPAIGURI,Jalpaiguri,76128533B99051523080987,exact,1.00,
West Bengal,JHARGRAM,Jhargram,76128533B24861976740713,exact,1.00,
West Bengal,KALIMPONG,Kalimpong,76128533B78458325839103,exact,1.00,
West Bengal,MALDAH,Maldah,76128533B36734405131975,exact,1.00,
West Bengal,MEDINIPUR EAST,Purba Medinipur,76128533B25373378863054,alias,1.00,
West Bengal,MEDINIPUR WEST,Paschim Medinipur,76128533B88812350838807,alias,1.00,
West Bengal,MURSHIDABAD,Murshidabad,76128533B51402332870635,exact,1.00,
West Bengal,NADIA,Nadia,76128533B71390118115414,exact,1.00,
West Bengal,PARAGANAS NORTH,North Twenty Four Parganas,76128533B93453964263910,fuzzy,0.97,
West Bengal,PARAGANAS SOUTH,South Twenty Four Parganas,76128533B2860535426345,fuzzy,0.97,
West Bengal,PASCHIM BARDHAMAN,Paschim Barddhaman,76128533B60845263086042,alias,1.00,
West Bengal,PURBA BARDHAMAN,Barddhaman,76128533B59121537940607,subset,,
West Bengal,PURULIA,Puruliya,76128533B16811573188243,alias,1.00,
